{
  "$schema": "https://schemas.wp.org/trunk/theme.json",
  "version": 2,
  "settings": {
    "color": {
      "palette": [
        {
          "slug": "primary",
          "color": "#8B5CF6",
          "name": "Primary Purple"
        },
        {
          "slug": "secondary",
          "color": "#FF6B9D",
          "name": "Secondary Pink"
        },
        {
          "slug": "dark-bg",
          "color": "#0A0A0A",
          "name": "Dark Background"
        },
        {
          "slug": "light-bg",
          "color": "#FFFFFF",
          "name": "Light Background"
        },
        {
          "slug": "text-dark",
          "color": "#E5E5E5",
          "name": "Dark Mode Text"
        },
        {
          "slug": "text-light",
          "color": "#1A1A1A",
          "name": "Light Mode Text"
        }
      ]
    },
    "typography": {
      "fontFamilies": [
        {
          "fontFamily": "-apple-system, BlinkMacSystemFont, 'Segoe UI', Roboto, Oxygen, Ubuntu, Cantarell, sans-serif",
          "slug": "system-font",
          "name": "System Font"
        }
      ],
      "fontSizes": [
        {
          "slug": "small",
          "size": "14px",
          "name": "Small"
        },
        {
          "slug": "medium",
          "size": "16px",
          "name": "Medium"
        },
        {
          "slug": "large",
          "size": "20px",
          "name": "Large"
        },
        {
          "slug": "x-large",
          "size": "24px",
          "name": "Extra Large"
        }
      ]
    },
    "layout": {
      "contentSize": "400px",
      "wideSize": "100%"
    }
  },
  "styles": {
    "color": {
      "background": "var(--wp--preset--color--dark-bg)",
      "text": "var(--wp--preset--color--text-dark)"
    },
    "typography": {
      "fontFamily": "var(--wp--preset--font-family--system-font)",
      "fontSize": "var(--wp--preset--font-size--medium)"
    },
    "elements": {
      "link": {
        "color": {
          "text": "var(--wp--preset--color--primary)"
        }
      }
    }
  },
  "templateParts": [
    {
      "name": "header",
      "title": "Header",
      "area": "header"
    },
    {
      "name": "footer",
      "title": "Footer",
      "area": "footer"
    }
  ]
}
